feature,cmi_lite
head_roll_deg,0.027179249173347582
head_pitch_deg,0.0213907423919255
angular_size_deg,0.019146513166489867
medium_enc,0.01512475967146491
text_height_mm,0.007540802002842148
contrast_enc,0.007387465231853758
font_size_pt,0.007099826827772538
distance_m,0.005324214464031201
head_yaw_deg,0.0
